name,careers_url,specialty
Hyperlink Infosystem,https://www.hyperlinkinfosystem.com/career,Mobile Apps AI IoT
Sophos,https://www.sophos.com/en-us/company/careers,Cybersecurity
Apollo Infotech,https://www.apolloinfotech.com/career,Web Software Development
RushKar Technology,https://rushkar.com/careers,Software Development
Capermint Technologies,https://www.capermint.com/career,Game Development AR VR
INEXTURE Solutions,https://www.inexture.com/career,Custom Software
Sapphire Software Solutions,https://www.sapphiresolutions.net/career,Enterprise Software
CodeQuality Technologies,https://codequality.tech/careers,Software Development
Albiorix Technology,https://www.albiorixtech.com/careers,JavaScript TypeScript
LA Net Team,https://www.lanetteam.com/career,IT Services
NexGen IoT Solutions,https://nexgeniot.com/careers,IoT Solutions
Ecosmob Technologies,https://www.ecosmob.com/careers,VoIP Telecom
SolGuruz,https://www.solguruz.com/careers,Mobile Web Development
PixelCrayons,https://www.pixelcrayons.com/careers,Software Development
ValueCoders,https://www.valuecoders.com/careers,Offshore Development
NetSolutions,https://www.netsolutions.com/careers,Product Engineering
Hidden Brains,https://www.hiddenbrains.com/career,Mobile Apps AI
Softvan,https://www.softvan.com/careers,Odoo ERP
Techno Infonet,https://www.technoinfonet.com/careers,Web Development
WebMob Technologies,https://www.webmobtech.com/careers,Mobile Development
Aalpha Information Systems,https://www.aalpha.net/careers,Software Development
Crest Infosystems,https://www.crestinfosystems.com/careers,Software Development
Concetto Labs,https://www.concettolabs.com/careers,Mobile Development
iCoderz Solutions,https://www.icoderzsolutions.com/career,Web Mobile Development
Prism Softech,https://www.prismsoftech.com/careers,Software Development
Elsner Technologies,https://www.elsner.com/career,E-commerce Magento
Brainvire Infotech,https://www.brainvire.com/career,Digital Transformation
Zymr,https://www.zymr.com/careers,Cloud DevOps
Zealous System,https://www.zealousys.com/careers,Software Development
Narola Infotech,https://www.narolainfotech.com/careers,Software Development
iTechArt,https://www.itechart.com/careers,Product Engineering
Positiwise Software,https://positiwise.com/careers,Software Development
Yudiz Solutions,https://www.yudiz.com/careers,Blockchain Gaming
Tridhya Tech,https://www.tridhyatech.com/careers,IT Consulting
Sigma Infosolutions,https://www.sigmainfo.net/careers,Software Development
Aspire Software Consultancy,https://www.aspiresoftware.in/careers,Software Services
Konstant Infosolutions,https://www.konstantinfo.com/careers,Mobile Development
InfoCepts,https://www.infocepts.com/careers,Data Analytics
iFlair Web Technologies,https://www.iflairwebtechnologies.com/career,Web Development
TechnoBrave,https://www.technobrave.com/careers,Software Development
eTatvasoft,https://www.etatvasoft.com/careers,Software Development
SoftProdigy,https://www.softprodigy.com/careers,Software Development
Aglowid IT Solutions,https://www.aglowid.com/career,Software Development
Creole Studios,https://www.creolestudios.com/careers,Mobile Development
Techuz InfoWeb,https://www.techuz.com/careers,Software Development
BoTree Technologies,https://www.botreetechnologies.com/careers,Ruby on Rails
Mobikasa,https://www.mobikasa.com/careers,E-commerce
Technource,https://www.technource.com/careers,Software Development
Siddhi Infosoft,https://www.siddhiinfosoft.com/careers,Mobile Development
Ocean Softwares,https://www.oceansoftwares.com/careers,Software Development
HData Systems,https://www.hdatasystems.com/careers,Data Science
Dev Technosys,https://www.devtechnosys.com/careers,Mobile Development
Net2Source,https://www.net2source.com/careers,IT Staffing
Tatvasoft Australia,https://www.tatvasoft.com.au/careers,Software Development
Logistic Infotech,https://www.logisticinfotech.com/careers,Software Development
MarkupBox,https://www.markupbox.com/careers,PSD to HTML
Mantra ISC,https://www.mantraisc.com/careers,Software Development
