name,careers_url,specialty,employees,rating
23 Reviews,https://www.google.com/search?q=23%20Reviews%20careers%20Ahmedabad,IT Services,,
View Profile,https://www.google.com/search?q=View%20Profile%20careers%20Ahmedabad,IT Services,,
Vindaloo Softtech Pvt. Ltd.,https://www.google.com/search?q=Vindaloo%20Softtech%20Pvt.%20Ltd.%20careers%20Ahmedabad,IT Services,,
1 Review,https://www.google.com/search?q=1%20Review%20careers%20Ahmedabad,IT Services,,
read Vindaloo Softtech Pvt. Ltd. reviews & insights,https://www.google.com/search?q=read%20Vindaloo%20Softtech%20Pvt.%20Ltd.%20reviews%20%26%20insights%20careers%20Ahmedabad,IT Services,,
ECS Infotech Pvt. Ltd.,https://www.google.com/search?q=ECS%20Infotech%20Pvt.%20Ltd.%20careers%20Ahmedabad,IT Services,,
read ECS Infotech Pvt. Ltd. reviews & insights,https://www.google.com/search?q=read%20ECS%20Infotech%20Pvt.%20Ltd.%20reviews%20%26%20insights%20careers%20Ahmedabad,IT Services,,
Kryptoninc,https://www.google.com/search?q=Kryptoninc%20careers%20Ahmedabad,IT Services,,
14 Reviews,https://www.google.com/search?q=14%20Reviews%20careers%20Ahmedabad,IT Services,,
read Kryptoninc reviews & insights,https://www.google.com/search?q=read%20Kryptoninc%20reviews%20%26%20insights%20careers%20Ahmedabad,IT Services,,
Cloudrevels,https://www.google.com/search?q=Cloudrevels%20careers%20Ahmedabad,IT Services,,
2 Reviews,https://www.google.com/search?q=2%20Reviews%20careers%20Ahmedabad,IT Services,,
read Cloudrevels reviews & insights,https://www.google.com/search?q=read%20Cloudrevels%20reviews%20%26%20insights%20careers%20Ahmedabad,IT Services,,
DynaSoft India LLP,https://www.google.com/search?q=DynaSoft%20India%20LLP%20careers%20Ahmedabad,IT Services,,
7 Reviews,https://www.google.com/search?q=7%20Reviews%20careers%20Ahmedabad,IT Services,,
read DynaSoft India LLP reviews & insights,https://www.google.com/search?q=read%20DynaSoft%20India%20LLP%20reviews%20%26%20insights%20careers%20Ahmedabad,IT Services,,
Qrious Tech,https://www.google.com/search?q=Qrious%20Tech%20careers%20Ahmedabad,IT Services,,
13 Reviews,https://www.google.com/search?q=13%20Reviews%20careers%20Ahmedabad,IT Services,,
read Qrious Tech reviews & insights,https://www.google.com/search?q=read%20Qrious%20Tech%20reviews%20%26%20insights%20careers%20Ahmedabad,IT Services,,
Inevitable Infotech Pvt. Ltd.,https://www.google.com/search?q=Inevitable%20Infotech%20Pvt.%20Ltd.%20careers%20Ahmedabad,IT Services,,
read Inevitable Infotech Pvt. Ltd. reviews & insights,https://www.google.com/search?q=read%20Inevitable%20Infotech%20Pvt.%20Ltd.%20reviews%20%26%20insights%20careers%20Ahmedabad,IT Services,,
iCoderz Solutions Pvt. Ltd.,https://www.google.com/search?q=iCoderz%20Solutions%20Pvt.%20Ltd.%20careers%20Ahmedabad,IT Services,,
29 Reviews,https://www.google.com/search?q=29%20Reviews%20careers%20Ahmedabad,IT Services,,
read iCoderz Solutions Pvt. Ltd. reviews & insights,https://www.google.com/search?q=read%20iCoderz%20Solutions%20Pvt.%20Ltd.%20reviews%20%26%20insights%20careers%20Ahmedabad,IT Services,,
Cizotech Software Private Limited,https://www.google.com/search?q=Cizotech%20Software%20Private%20Limited%20careers%20Ahmedabad,IT Services,,
read Cizotech Software Private Limited reviews & insights,https://www.google.com/search?q=read%20Cizotech%20Software%20Private%20Limited%20reviews%20%26%20insights%20careers%20Ahmedabad,IT Services,,
Saturncube Technologies,https://www.google.com/search?q=Saturncube%20Technologies%20careers%20Ahmedabad,IT Services,,
10 Reviews,https://www.google.com/search?q=10%20Reviews%20careers%20Ahmedabad,IT Services,,
read Saturncube Technologies reviews & insights,https://www.google.com/search?q=read%20Saturncube%20Technologies%20reviews%20%26%20insights%20careers%20Ahmedabad,IT Services,,
InstaCloud Solutions LLP,https://www.google.com/search?q=InstaCloud%20Solutions%20LLP%20careers%20Ahmedabad,IT Services,,
4 Reviews,https://www.google.com/search?q=4%20Reviews%20careers%20Ahmedabad,IT Services,,
read InstaCloud Solutions LLP reviews & insights,https://www.google.com/search?q=read%20InstaCloud%20Solutions%20LLP%20reviews%20%26%20insights%20careers%20Ahmedabad,IT Services,,
Scraping - Intelligence,https://www.google.com/search?q=Scraping%20-%20Intelligence%20careers%20Ahmedabad,IT Services,,
read Scraping - Intelligence reviews & insights,https://www.google.com/search?q=read%20Scraping%20-%20Intelligence%20reviews%20%26%20insights%20careers%20Ahmedabad,IT Services,,
OrangeTechsol,https://www.google.com/search?q=OrangeTechsol%20careers%20Ahmedabad,IT Services,,
read OrangeTechsol reviews & insights,https://www.google.com/search?q=read%20OrangeTechsol%20reviews%20%26%20insights%20careers%20Ahmedabad,IT Services,,
ZetrixWeb Infotech LLP,https://www.google.com/search?q=ZetrixWeb%20Infotech%20LLP%20careers%20Ahmedabad,IT Services,,
9 Reviews,https://www.google.com/search?q=9%20Reviews%20careers%20Ahmedabad,IT Services,,
read ZetrixWeb Infotech LLP reviews & insights,https://www.google.com/search?q=read%20ZetrixWeb%20Infotech%20LLP%20reviews%20%26%20insights%20careers%20Ahmedabad,IT Services,,
PragetX Softwares Pvt Ltd,https://www.google.com/search?q=PragetX%20Softwares%20Pvt%20Ltd%20careers%20Ahmedabad,IT Services,,
8 Reviews,https://www.google.com/search?q=8%20Reviews%20careers%20Ahmedabad,IT Services,,
read PragetX Softwares Pvt Ltd reviews & insights,https://www.google.com/search?q=read%20PragetX%20Softwares%20Pvt%20Ltd%20reviews%20%26%20insights%20careers%20Ahmedabad,IT Services,,
Peafowl IT Solution,https://www.google.com/search?q=Peafowl%20IT%20Solution%20careers%20Ahmedabad,IT Services,,
read Peafowl IT Solution reviews & insights,https://www.google.com/search?q=read%20Peafowl%20IT%20Solution%20reviews%20%26%20insights%20careers%20Ahmedabad,IT Services,,
fxis.ai,https://www.google.com/search?q=fxis.ai%20careers%20Ahmedabad,IT Services,,
read fxis.ai reviews & insights,https://www.google.com/search?q=read%20fxis.ai%20reviews%20%26%20insights%20careers%20Ahmedabad,IT Services,,
Softqube Technologies Pvt. Ltd.,https://www.google.com/search?q=Softqube%20Technologies%20Pvt.%20Ltd.%20careers%20Ahmedabad,IT Services,,
5 Reviews,https://www.google.com/search?q=5%20Reviews%20careers%20Ahmedabad,IT Services,,
read Softqube Technologies Pvt. Ltd. reviews & insights,https://www.google.com/search?q=read%20Softqube%20Technologies%20Pvt.%20Ltd.%20reviews%20%26%20insights%20careers%20Ahmedabad,IT Services,,
Digihify Marketing Solution,https://www.google.com/search?q=Digihify%20Marketing%20Solution%20careers%20Ahmedabad,IT Services,,
3 Reviews,https://www.google.com/search?q=3%20Reviews%20careers%20Ahmedabad,IT Services,,
read Digihify Marketing Solution reviews & insights,https://www.google.com/search?q=read%20Digihify%20Marketing%20Solution%20reviews%20%26%20insights%20careers%20Ahmedabad,IT Services,,
Ashapura Softech,https://www.google.com/search?q=Ashapura%20Softech%20careers%20Ahmedabad,IT Services,,
read Ashapura Softech reviews & insights,https://www.google.com/search?q=read%20Ashapura%20Softech%20reviews%20%26%20insights%20careers%20Ahmedabad,IT Services,,
CandidRoot Solutions Private Limited,https://www.google.com/search?q=CandidRoot%20Solutions%20Private%20Limited%20careers%20Ahmedabad,IT Services,,
Matiyas Solutions,https://www.google.com/search?q=Matiyas%20Solutions%20careers%20Ahmedabad,IT Services,,
read Matiyas Solutions reviews & insights,https://www.google.com/search?q=read%20Matiyas%20Solutions%20reviews%20%26%20insights%20careers%20Ahmedabad,IT Services,,
ITZ Total Solutions,https://www.google.com/search?q=ITZ%20Total%20Solutions%20careers%20Ahmedabad,IT Services,,
read ITZ Total Solutions reviews & insights,https://www.google.com/search?q=read%20ITZ%20Total%20Solutions%20reviews%20%26%20insights%20careers%20Ahmedabad,IT Services,,
Diffiter,https://www.google.com/search?q=Diffiter%20careers%20Ahmedabad,IT Services,,
read Diffiter reviews & insights,https://www.google.com/search?q=read%20Diffiter%20reviews%20%26%20insights%20careers%20Ahmedabad,IT Services,,
Netedge Technology,https://www.google.com/search?q=Netedge%20Technology%20careers%20Ahmedabad,IT Services,,
read Netedge Technology reviews & insights,https://www.google.com/search?q=read%20Netedge%20Technology%20reviews%20%26%20insights%20careers%20Ahmedabad,IT Services,,
Zestra Technologies,https://www.google.com/search?q=Zestra%20Technologies%20careers%20Ahmedabad,IT Services,,
read Zestra Technologies reviews & insights,https://www.google.com/search?q=read%20Zestra%20Technologies%20reviews%20%26%20insights%20careers%20Ahmedabad,IT Services,,
Pixeltoworld,https://www.google.com/search?q=Pixeltoworld%20careers%20Ahmedabad,IT Services,,
read Pixeltoworld reviews & insights,https://www.google.com/search?q=read%20Pixeltoworld%20reviews%20%26%20insights%20careers%20Ahmedabad,IT Services,,
WIT Solution,https://www.google.com/search?q=WIT%20Solution%20careers%20Ahmedabad,IT Services,,
read WIT Solution reviews & insights,https://www.google.com/search?q=read%20WIT%20Solution%20reviews%20%26%20insights%20careers%20Ahmedabad,IT Services,,
Sdreatech,https://www.google.com/search?q=Sdreatech%20careers%20Ahmedabad,IT Services,,
read Sdreatech reviews & insights,https://www.google.com/search?q=read%20Sdreatech%20reviews%20%26%20insights%20careers%20Ahmedabad,IT Services,,
Stimulus Co.,https://www.google.com/search?q=Stimulus%20Co.%20careers%20Ahmedabad,IT Services,,
read Stimulus Co. reviews & insights,https://www.google.com/search?q=read%20Stimulus%20Co.%20reviews%20%26%20insights%20careers%20Ahmedabad,IT Services,,
o2Script Web Solutions,https://www.google.com/search?q=o2Script%20Web%20Solutions%20careers%20Ahmedabad,IT Services,,
read o2Script Web Solutions reviews & insights,https://www.google.com/search?q=read%20o2Script%20Web%20Solutions%20reviews%20%26%20insights%20careers%20Ahmedabad,IT Services,,
Softcoding Solutions,https://www.google.com/search?q=Softcoding%20Solutions%20careers%20Ahmedabad,IT Services,,
iGex Solutions,https://www.google.com/search?q=iGex%20Solutions%20careers%20Ahmedabad,IT Services,,
read iGex Solutions reviews & insights,https://www.google.com/search?q=read%20iGex%20Solutions%20reviews%20%26%20insights%20careers%20Ahmedabad,IT Services,,
Xynnity,https://www.google.com/search?q=Xynnity%20careers%20Ahmedabad,IT Services,,
read Xynnity reviews & insights,https://www.google.com/search?q=read%20Xynnity%20reviews%20%26%20insights%20careers%20Ahmedabad,IT Services,,
Maruti Techlabs,https://www.google.com/search?q=Maruti%20Techlabs%20careers%20Ahmedabad,IT Services,,
30 Reviews,https://www.google.com/search?q=30%20Reviews%20careers%20Ahmedabad,IT Services,,
SPEC INDIA,https://www.google.com/search?q=SPEC%20INDIA%20careers%20Ahmedabad,IT Services,,
28 Reviews,https://www.google.com/search?q=28%20Reviews%20careers%20Ahmedabad,IT Services,,
read SPEC INDIA reviews & insights,https://www.google.com/search?q=read%20SPEC%20INDIA%20reviews%20%26%20insights%20careers%20Ahmedabad,IT Services,,
Narjis Infotech,https://www.google.com/search?q=Narjis%20Infotech%20careers%20Ahmedabad,IT Services,,
Peerbits,https://www.google.com/search?q=Peerbits%20careers%20Ahmedabad,IT Services,,
22 Reviews,https://www.google.com/search?q=22%20Reviews%20careers%20Ahmedabad,IT Services,,
read Peerbits reviews & insights,https://www.google.com/search?q=read%20Peerbits%20reviews%20%26%20insights%20careers%20Ahmedabad,IT Services,,
ICUBE TECHNOLABS,https://www.google.com/search?q=ICUBE%20TECHNOLABS%20careers%20Ahmedabad,IT Services,,
20 Reviews,https://www.google.com/search?q=20%20Reviews%20careers%20Ahmedabad,IT Services,,
read ICUBE TECHNOLABS reviews & insights,https://www.google.com/search?q=read%20ICUBE%20TECHNOLABS%20reviews%20%26%20insights%20careers%20Ahmedabad,IT Services,,
Shaligram Infotech,https://www.google.com/search?q=Shaligram%20Infotech%20careers%20Ahmedabad,IT Services,,
18 Reviews,https://www.google.com/search?q=18%20Reviews%20careers%20Ahmedabad,IT Services,,
read Shaligram Infotech reviews & insights,https://www.google.com/search?q=read%20Shaligram%20Infotech%20reviews%20%26%20insights%20careers%20Ahmedabad,IT Services,,
Simform,https://www.google.com/search?q=Simform%20careers%20Ahmedabad,IT Services,,
16 Reviews,https://www.google.com/search?q=16%20Reviews%20careers%20Ahmedabad,IT Services,,
read Simform reviews & insights,https://www.google.com/search?q=read%20Simform%20reviews%20%26%20insights%20careers%20Ahmedabad,IT Services,,
Rushkar,https://www.google.com/search?q=Rushkar%20careers%20Ahmedabad,IT Services,,
11 Reviews,https://www.google.com/search?q=11%20Reviews%20careers%20Ahmedabad,IT Services,,
read Rushkar reviews & insights,https://www.google.com/search?q=read%20Rushkar%20reviews%20%26%20insights%20careers%20Ahmedabad,IT Services,,
Technource,https://www.google.com/search?q=Technource%20careers%20Ahmedabad,IT Services,,
12 Reviews,https://www.google.com/search?q=12%20Reviews%20careers%20Ahmedabad,IT Services,,
read Technource reviews & insights,https://www.google.com/search?q=read%20Technource%20reviews%20%26%20insights%20careers%20Ahmedabad,IT Services,,
WireFuture,https://www.google.com/search?q=WireFuture%20careers%20Ahmedabad,IT Services,,
read WireFuture reviews & insights,https://www.google.com/search?q=read%20WireFuture%20reviews%20%26%20insights%20careers%20Ahmedabad,IT Services,,
LetsNurture Infotech Pvt. Ltd.,https://www.google.com/search?q=LetsNurture%20Infotech%20Pvt.%20Ltd.%20careers%20Ahmedabad,IT Services,,
read LetsNurture Infotech Pvt. Ltd. reviews & insights,https://www.google.com/search?q=read%20LetsNurture%20Infotech%20Pvt.%20Ltd.%20reviews%20%26%20insights%20careers%20Ahmedabad,IT Services,,
Variance InfoTech Pvt Ltd,https://www.google.com/search?q=Variance%20InfoTech%20Pvt%20Ltd%20careers%20Ahmedabad,IT Services,,
read Variance InfoTech Pvt Ltd reviews & insights,https://www.google.com/search?q=read%20Variance%20InfoTech%20Pvt%20Ltd%20reviews%20%26%20insights%20careers%20Ahmedabad,IT Services,,
Code and core Tech LLP,https://www.google.com/search?q=Code%20and%20core%20Tech%20LLP%20careers%20Ahmedabad,IT Services,,
read Code and core Tech LLP reviews & insights,https://www.google.com/search?q=read%20Code%20and%20core%20Tech%20LLP%20reviews%20%26%20insights%20careers%20Ahmedabad,IT Services,,
read instinctools reviews & insights,https://www.google.com/search?q=read%20instinctools%20reviews%20%26%20insights%20careers%20Ahmedabad,IT Services,,
76 Reviews,https://www.google.com/search?q=76%20Reviews%20careers%20Ahmedabad,IT Services,,
read OpenXcell reviews & insights,https://www.google.com/search?q=read%20OpenXcell%20reviews%20%26%20insights%20careers%20Ahmedabad,IT Services,,
kshatrainfotech,https://www.google.com/search?q=kshatrainfotech%20careers%20Ahmedabad,IT Services,,
read kshatrainfotech reviews & insights,https://www.google.com/search?q=read%20kshatrainfotech%20reviews%20%26%20insights%20careers%20Ahmedabad,IT Services,,
Neuramonks,https://www.google.com/search?q=Neuramonks%20careers%20Ahmedabad,IT Services,,
15 Reviews,https://www.google.com/search?q=15%20Reviews%20careers%20Ahmedabad,IT Services,,
read Neuramonks reviews & insights,https://www.google.com/search?q=read%20Neuramonks%20reviews%20%26%20insights%20careers%20Ahmedabad,IT Services,,
Bitontree,https://www.google.com/search?q=Bitontree%20careers%20Ahmedabad,IT Services,,
read Bitontree reviews & insights,https://www.google.com/search?q=read%20Bitontree%20reviews%20%26%20insights%20careers%20Ahmedabad,IT Services,,
Matics Analytics,https://www.google.com/search?q=Matics%20Analytics%20careers%20Ahmedabad,IT Services,,
read Matics Analytics reviews & insights,https://www.google.com/search?q=read%20Matics%20Analytics%20reviews%20%26%20insights%20careers%20Ahmedabad,IT Services,,
Silicon Signals Pvt. Ltd.,https://www.google.com/search?q=Silicon%20Signals%20Pvt.%20Ltd.%20careers%20Ahmedabad,IT Services,,
read Silicon Signals Pvt. Ltd. reviews & insights,https://www.google.com/search?q=read%20Silicon%20Signals%20Pvt.%20Ltd.%20reviews%20%26%20insights%20careers%20Ahmedabad,IT Services,,
Pirimid Fintech,https://www.google.com/search?q=Pirimid%20Fintech%20careers%20Ahmedabad,IT Services,,
read Pirimid Fintech reviews & insights,https://www.google.com/search?q=read%20Pirimid%20Fintech%20reviews%20%26%20insights%20careers%20Ahmedabad,IT Services,,
Nextgensoft Technologies LLP,https://www.google.com/search?q=Nextgensoft%20Technologies%20LLP%20careers%20Ahmedabad,IT Services,,
read Nextgensoft Technologies LLP reviews & insights,https://www.google.com/search?q=read%20Nextgensoft%20Technologies%20LLP%20reviews%20%26%20insights%20careers%20Ahmedabad,IT Services,,
50 Reviews,https://www.google.com/search?q=50%20Reviews%20careers%20Ahmedabad,IT Services,,
read Junkies Coder reviews & insights,https://www.google.com/search?q=read%20Junkies%20Coder%20reviews%20%26%20insights%20careers%20Ahmedabad,IT Services,,
Hidden Brains InfoTech,https://www.google.com/search?q=Hidden%20Brains%20InfoTech%20careers%20Ahmedabad,IT Services,,
40 Reviews,https://www.google.com/search?q=40%20Reviews%20careers%20Ahmedabad,IT Services,,
read Hidden Brains InfoTech reviews & insights,https://www.google.com/search?q=read%20Hidden%20Brains%20InfoTech%20reviews%20%26%20insights%20careers%20Ahmedabad,IT Services,,
Captus Technologies,https://www.google.com/search?q=Captus%20Technologies%20careers%20Ahmedabad,IT Services,,
31 Reviews,https://www.google.com/search?q=31%20Reviews%20careers%20Ahmedabad,IT Services,,
read Captus Technologies reviews & insights,https://www.google.com/search?q=read%20Captus%20Technologies%20reviews%20%26%20insights%20careers%20Ahmedabad,IT Services,,
MindInventory,https://www.google.com/search?q=MindInventory%20careers%20Ahmedabad,IT Services,,
19 Reviews,https://www.google.com/search?q=19%20Reviews%20careers%20Ahmedabad,IT Services,,
read MindInventory reviews & insights,https://www.google.com/search?q=read%20MindInventory%20reviews%20%26%20insights%20careers%20Ahmedabad,IT Services,,
INEXTURE Solutions,https://www.google.com/search?q=INEXTURE%20Solutions%20careers%20Ahmedabad,IT Services,,
17 Reviews,https://www.google.com/search?q=17%20Reviews%20careers%20Ahmedabad,IT Services,,
read INEXTURE Solutions reviews & insights,https://www.google.com/search?q=read%20INEXTURE%20Solutions%20reviews%20%26%20insights%20careers%20Ahmedabad,IT Services,,
BinStellar Technologies Pvt. Ltd.,https://www.google.com/search?q=BinStellar%20Technologies%20Pvt.%20Ltd.%20careers%20Ahmedabad,IT Services,,
read BinStellar Technologies Pvt. Ltd. reviews & insights,https://www.google.com/search?q=read%20BinStellar%20Technologies%20Pvt.%20Ltd.%20reviews%20%26%20insights%20careers%20Ahmedabad,IT Services,,
Techcronus Business Solutions,https://www.google.com/search?q=Techcronus%20Business%20Solutions%20careers%20Ahmedabad,IT Services,,
read Techcronus Business Solutions reviews & insights,https://www.google.com/search?q=read%20Techcronus%20Business%20Solutions%20reviews%20%26%20insights%20careers%20Ahmedabad,IT Services,,
SoluteLabs,https://www.google.com/search?q=SoluteLabs%20careers%20Ahmedabad,IT Services,,
read SoluteLabs reviews & insights,https://www.google.com/search?q=read%20SoluteLabs%20reviews%20%26%20insights%20careers%20Ahmedabad,IT Services,,
Fusion Informatics Limited,https://www.google.com/search?q=Fusion%20Informatics%20Limited%20careers%20Ahmedabad,IT Services,,
read Fusion Informatics Limited reviews & insights,https://www.google.com/search?q=read%20Fusion%20Informatics%20Limited%20reviews%20%26%20insights%20careers%20Ahmedabad,IT Services,,
CodesClue Technologies,https://www.google.com/search?q=CodesClue%20Technologies%20careers%20Ahmedabad,IT Services,,
read CodesClue Technologies reviews & insights,https://www.google.com/search?q=read%20CodesClue%20Technologies%20reviews%20%26%20insights%20careers%20Ahmedabad,IT Services,,
Xillentech,https://www.google.com/search?q=Xillentech%20careers%20Ahmedabad,IT Services,,
read Xillentech reviews & insights,https://www.google.com/search?q=read%20Xillentech%20reviews%20%26%20insights%20careers%20Ahmedabad,IT Services,,
Multipz Technology,https://www.google.com/search?q=Multipz%20Technology%20careers%20Ahmedabad,IT Services,,
read Multipz Technology reviews & insights,https://www.google.com/search?q=read%20Multipz%20Technology%20reviews%20%26%20insights%20careers%20Ahmedabad,IT Services,,
MunchTechnoZ,https://www.google.com/search?q=MunchTechnoZ%20careers%20Ahmedabad,IT Services,,
6 Reviews,https://www.google.com/search?q=6%20Reviews%20careers%20Ahmedabad,IT Services,,
read MunchTechnoZ reviews & insights,https://www.google.com/search?q=read%20MunchTechnoZ%20reviews%20%26%20insights%20careers%20Ahmedabad,IT Services,,
ViitorCloud,https://www.google.com/search?q=ViitorCloud%20careers%20Ahmedabad,IT Services,,
read ViitorCloud reviews & insights,https://www.google.com/search?q=read%20ViitorCloud%20reviews%20%26%20insights%20careers%20Ahmedabad,IT Services,,
TheFinch Design,https://www.google.com/search?q=TheFinch%20Design%20careers%20Ahmedabad,IT Services,,
read TheFinch Design reviews & insights,https://www.google.com/search?q=read%20TheFinch%20Design%20reviews%20%26%20insights%20careers%20Ahmedabad,IT Services,,
Bacancy Technology,https://www.google.com/search?q=Bacancy%20Technology%20careers%20Ahmedabad,IT Services,,
read Bacancy Technology reviews & insights,https://www.google.com/search?q=read%20Bacancy%20Technology%20reviews%20%26%20insights%20careers%20Ahmedabad,IT Services,,
Space-O Technologies,https://www.google.com/search?q=Space-O%20Technologies%20careers%20Ahmedabad,IT Services,,
read Space-O Technologies reviews & insights,https://www.google.com/search?q=read%20Space-O%20Technologies%20reviews%20%26%20insights%20careers%20Ahmedabad,IT Services,,
Brainerhub,https://www.google.com/search?q=Brainerhub%20careers%20Ahmedabad,IT Services,,
read Brainerhub reviews & insights,https://www.google.com/search?q=read%20Brainerhub%20reviews%20%26%20insights%20careers%20Ahmedabad,IT Services,,
AIVID Techvision,https://www.google.com/search?q=AIVID%20Techvision%20careers%20Ahmedabad,IT Services,,
read AIVID Techvision reviews & insights,https://www.google.com/search?q=read%20AIVID%20Techvision%20reviews%20%26%20insights%20careers%20Ahmedabad,IT Services,,
Devsurf,https://www.google.com/search?q=Devsurf%20careers%20Ahmedabad,IT Services,,
read Devsurf reviews & insights,https://www.google.com/search?q=read%20Devsurf%20reviews%20%26%20insights%20careers%20Ahmedabad,IT Services,,
Metizsoft Solutions,https://www.google.com/search?q=Metizsoft%20Solutions%20careers%20Ahmedabad,IT Services,,
read Metizsoft Solutions reviews & insights,https://www.google.com/search?q=read%20Metizsoft%20Solutions%20reviews%20%26%20insights%20careers%20Ahmedabad,IT Services,,
MultiQoS,https://www.google.com/search?q=MultiQoS%20careers%20Ahmedabad,IT Services,,
read MultiQoS reviews & insights,https://www.google.com/search?q=read%20MultiQoS%20reviews%20%26%20insights%20careers%20Ahmedabad,IT Services,,
F(x) Data Labs Pvt. Ltd.,https://www.google.com/search?q=F(x)%20Data%20Labs%20Pvt.%20Ltd.%20careers%20Ahmedabad,IT Services,,
read F(x) Data Labs Pvt. Ltd. reviews & insights,https://www.google.com/search?q=read%20F(x)%20Data%20Labs%20Pvt.%20Ltd.%20reviews%20%26%20insights%20careers%20Ahmedabad,IT Services,,
Metwaves Technologies,https://www.google.com/search?q=Metwaves%20Technologies%20careers%20Ahmedabad,IT Services,,
read Metwaves Technologies reviews & insights,https://www.google.com/search?q=read%20Metwaves%20Technologies%20reviews%20%26%20insights%20careers%20Ahmedabad,IT Services,,
Dexoc,https://www.google.com/search?q=Dexoc%20careers%20Ahmedabad,IT Services,,
read Dexoc reviews & insights,https://www.google.com/search?q=read%20Dexoc%20reviews%20%26%20insights%20careers%20Ahmedabad,IT Services,,
Concetto Labs,https://www.google.com/search?q=Concetto%20Labs%20careers%20Ahmedabad,IT Services,,
read Concetto Labs reviews & insights,https://www.google.com/search?q=read%20Concetto%20Labs%20reviews%20%26%20insights%20careers%20Ahmedabad,IT Services,,
Brainy Neurals Private Limited,https://www.google.com/search?q=Brainy%20Neurals%20Private%20Limited%20careers%20Ahmedabad,IT Services,,
read Brainy Neurals Private Limited reviews & insights,https://www.google.com/search?q=read%20Brainy%20Neurals%20Private%20Limited%20reviews%20%26%20insights%20careers%20Ahmedabad,IT Services,,
SculptSoft Pvt. Ltd.,https://www.google.com/search?q=SculptSoft%20Pvt.%20Ltd.%20careers%20Ahmedabad,IT Services,,
read SculptSoft Pvt. Ltd. reviews & insights,https://www.google.com/search?q=read%20SculptSoft%20Pvt.%20Ltd.%20reviews%20%26%20insights%20careers%20Ahmedabad,IT Services,,
Ecosmob Technologies Pvt. Ltd.,https://www.google.com/search?q=Ecosmob%20Technologies%20Pvt.%20Ltd.%20careers%20Ahmedabad,IT Services,,
read Ecosmob Technologies Pvt. Ltd. reviews & insights,https://www.google.com/search?q=read%20Ecosmob%20Technologies%20Pvt.%20Ltd.%20reviews%20%26%20insights%20careers%20Ahmedabad,IT Services,,